{"cameraMode":{"drawMode":0,"name":"Shaded","section":"Shading Mode"},"sceneLighting":false,"audioPlay":false,"sceneViewState":{"showFog":true,"showMaterialUpdate":false,"showSkybox":false,"showFlares":true,"showImageEffects":true,"showParticleSystems":true},"in2DMode":false,"pivot":{"x":11.104429244995118,"y":9.51124095916748,"z":20.109756469726564},"rotation":{"x":0.01228257268667221,"y":-0.06654346734285355,"z":0.000818801810964942,"w":0.9977124929428101},"size":12.894693374633789,"orthographic":false}