{"cameraMode":{"drawMode":0,"name":"Shaded","section":"Shading Mode"},"sceneLighting":false,"audioPlay":false,"sceneViewState":{"showFog":true,"showMaterialUpdate":false,"showSkybox":false,"showFlares":true,"showImageEffects":true,"showParticleSystems":true},"in2DMode":false,"pivot":{"x":331.11334228515627,"y":-408.217041015625,"z":-26.9044189453125},"rotation":{"x":0.027306439355015756,"y":0.006899471394717693,"z":-0.00018904937314800918,"w":0.9996045827865601},"size":706.3143310546875,"orthographic":false}