{"cameraMode":{"drawMode":0,"name":"Shaded","section":"Shading Mode"},"sceneLighting":false,"audioPlay":false,"sceneViewState":{"showFog":true,"showMaterialUpdate":false,"showSkybox":false,"showFlares":true,"showImageEffects":true,"showParticleSystems":true},"in2DMode":false,"pivot":{"x":7.862003326416016,"y":25.046817779541017,"z":2.6022534370422365},"rotation":{"x":-0.0535794273018837,"y":-0.055987633764743808,"z":-0.003009346080943942,"w":0.9969897270202637},"size":5.019632339477539,"orthographic":false}